DOSTAWCA,SUMA DNI (GŁÓWNE),LICZBA DOSTAW (GŁÓWNE),ŚREDNI CZAS (GŁÓWNE),SUMA DNI (POBOCZNE),LICZBA DOSTAW (POBOCZNE),ŚREDNI CZAS (POBOCZNE),OSTATNIA AKTUALIZACJA
3D Jake (niceshops),,,,11,2,6,2026-05-25 19:24:17
Adammed,18,4,5,,,,2026-05-25 19:24:17
Airpress Polska,2,1,2,,,,2026-05-25 19:24:17
Al Dente,11,1,11,,,,2026-05-25 19:24:17
AllDentPharm,,,,4,2,2,2026-05-25 19:24:17
Amadar,11,5,2,5,4,1,2026-05-25 19:24:17
Ambident,4,2,2,,,,2026-05-25 19:24:17
AP Dental (Arkona),1,1,1,,,,2026-05-25 19:24:17
Apoldent,1,1,1,,,,2026-05-25 19:24:17
ASA Dental,64,4,16,16,2,8,2026-05-25 19:24:17
Ballito Łodź,,,,2,1,2,2026-05-25 19:24:17
Bart Medical,25,2,13,25,3,8,2026-05-25 19:24:17
Bausch,24,5,5,9,1,9,2026-05-25 19:24:17
Bredent,1,1,1,22,8,3,2026-05-25 19:24:17
Carlo de Giorgi,42,3,14,9,1,9,2026-05-25 19:24:17
Ceramiques Refractaires,,,,19,2,10,2026-05-25 19:24:17
Chifa,101,3,34,161,8,20,2026-05-25 19:24:17
Complete Dental (Deflex),,,,2,1,2,2026-05-25 19:24:17
Denon Dental,28,7,4,208,26,8,2026-05-25 19:24:17
Dental Drill,5,1,5,,,,2026-05-25 19:24:17
Dentalstore/At-Akcept,14,2,7,,,,2026-05-25 19:24:17
Dentex,,,,4,2,2,2026-05-25 19:24:17
Dentsply Sirona (dawny Zhermack),8,1,8,,,,2026-05-25 19:24:17
DETAX,30,5,6,46,6,8,2026-05-25 19:24:17
DFS,158,3,53,256,10,26,2026-05-25 19:24:17
Domedic Dental KaVo,,,,32,3,11,2026-05-25 19:24:17
Dongguan Godsaid Technology,,,,6,1,6,2026-05-25 19:24:17
Dornwell,1,1,1,,,,2026-05-25 19:24:17
DREVE,27,4,7,94,19,5,2026-05-25 19:24:17
Drillstom,1,1,1,,,,2026-05-25 19:24:17
Drux,14,3,5,,,,2026-05-25 19:24:17
DT Shop,42,11,4,44,10,4,2026-05-25 19:24:17
Edenta,77,3,26,12,1,12,2026-05-25 19:24:17
Effegi Brega,63,6,11,32,3,11,2026-05-25 19:24:17
Emichem/Salvemedical,5,2,3,3,1,3,2026-05-25 19:24:17
Equimed (palniki Bunsena),7,1,7,6,1,6,2026-05-25 19:24:17
Erkodent (Giedrius Juzenas),49,1,49,131,6,22,2026-05-25 19:24:17
Ernst Hinrichs ( eco gipsy),,,,1,1,1,2026-05-25 19:24:17
Ernst Hinrichs (materiały),44,4,11,73,12,6,2026-05-25 19:24:17
Eschenbach,2,1,2,,,,2026-05-25 19:24:17
EVE,41,5,8,28,8,4,2026-05-25 19:24:17
Everall7,27,10,3,62,29,2,2026-05-25 19:24:17
Falcon,19,5,4,9,2,5,2026-05-25 19:24:17
Formed (kamienie),4,3,1,0,1,0,2026-05-25 19:24:17
Formlabs,59,10,6,117,23,5,2026-05-25 19:24:17
Gaz do palników,,,,0,1,0,2026-05-25 19:24:17
Graphenano Dental,9,1,9,,,,2026-05-25 19:24:17
Hansen Dental / SPOFA Dental,,,,15,1,15,2026-05-25 19:24:17
Hol-Dental Depot,5,4,1,8,6,1,2026-05-25 19:24:17
Holtrade / ACETAL,11,8,1,13,8,2,2026-05-25 19:24:17
Holtrade / Rhein,8,2,4,5,4,1,2026-05-25 19:24:17
INLAY / MERZ DENTAL,7,3,2,1,1,1,2026-05-25 19:24:17
IP Division,11,1,11,2,1,2,2026-05-25 19:24:17
IPD POLAND,22,15,1,27,23,1,2026-05-25 19:24:17
Ivoclar Vivadent - EXCEL,423,32,13,119,10,12,2026-05-25 19:24:17
JK Surgical,4,3,1,,,,2026-05-25 19:24:17
Keystone,16,1,16,34,2,17,2026-05-25 19:24:17
KKD-Top dent,28,3,9,3,1,3,2026-05-25 19:24:17
Kol-Dental,3,2,2,4,3,1,2026-05-25 19:24:17
Konopka,5,1,5,2,1,2,2026-05-25 19:24:17
Laboral,16,4,4,28,11,3,2026-05-25 19:24:17
Larident,24,1,24,24,1,24,2026-05-25 19:24:17
LEMI,6,1,6,,,,2026-05-25 19:24:17
Lewa Dental,59,5,12,62,5,12,2026-05-25 19:24:17
Major,1,1,1,4,2,2,2026-05-25 19:24:17
Makromed,15,6,3,2,2,1,2026-05-25 19:24:17
Mälzer Dental,37,2,19,5,2,3,2026-05-25 19:24:17
Marrodent,1,1,1,3,4,1,2026-05-25 19:24:17
Medilab,7,3,2,,,,2026-05-25 19:24:17
Meditrans,19,5,4,56,9,6,2026-05-25 19:24:17
Megadenta,,,,6,1,6,2026-05-25 19:24:17
Mercator Medical,17,3,6,,,,2026-05-25 19:24:17
Mesa,19,3,6,,,,2026-05-25 19:24:17
Mestra,93,7,13,83,9,9,2026-05-25 19:24:17
MGM System,2,2,1,2,2,1,2026-05-25 19:24:17
Model Tray,,,,10,1,10,2026-05-25 19:24:17
MOTYL-Pro (frezy),13,6,2,11,5,2,2026-05-25 19:24:17
MOTYL-Pro (tarcze),6,5,1,1,1,1,2026-05-25 19:24:17
MOTYL-Pro (trzymadełka),14,6,2,,,,2026-05-25 19:24:17
Natrodent,7,2,4,,,,2026-05-25 19:24:17
Neopak,4,1,4,,,,2026-05-25 19:24:17
OMEC,25,3,8,,,,2026-05-25 19:24:17
Ortho-Expert,1,1,1,,,,2026-05-25 19:24:17
POL-INTECH,5,2,3,2,2,1,2026-05-25 19:24:17
Polirapid,,,,110,6,18,2026-05-25 19:24:17
Polkard,53,11,5,131,16,8,2026-05-25 19:24:17
Polkard BIS,24,12,2,7,4,2,2026-05-25 19:24:17
Primotec,8,2,4,,,,2026-05-25 19:24:17
Prodento-Optimed,29,3,10,11,3,4,2026-05-25 19:24:17
Protechno,18,2,9,,,,2026-05-25 19:24:17
Rayshape,6,1,6,,,,2026-05-25 19:24:17
Reitel,64,6,11,9,2,5,2026-05-25 19:24:17
Renfert - EXCEL,66,8,8,421,89,5,2026-05-25 19:24:17
Rhein83,3,1,3,,,,2026-05-25 19:24:17
ROKO,6,5,1,12,7,2,2026-05-25 19:24:17
ROKO Rhein,,,,1,1,1,2026-05-25 19:24:17
Rusneja (Bredent),43,6,7,42,9,5,2026-05-25 19:24:17
Scheftner,,,,9,1,9,2026-05-25 19:24:17
Schuler Dental,33,5,7,4,1,4,2026-05-25 19:24:17
Schutz Dental,35,4,9,9,3,3,2026-05-25 19:24:17
Shenzen Upcera,,,,32,1,32,2026-05-25 19:24:17
Silconic (Dent-e-con),15,2,8,4,1,4,2026-05-25 19:24:17
Silesia Dental,15,2,8,1,1,1,2026-05-25 19:24:17
SIRIO,10,2,5,6,1,6,2026-05-25 19:24:17
Sorriso (PMMA ML),30,2,15,,,,2026-05-25 19:24:17
Swiatowy (korektory),2,1,2,,,,2026-05-25 19:24:17
Tamipol/Asti (worki strunowe),2,1,2,,,,2026-05-25 19:24:17
TECHIM,49,1,49,12,1,12,2026-05-25 19:24:17
Ugin,26,4,7,4,1,4,2026-05-25 19:24:17
Up3D,5,1,5,4,1,4,2026-05-25 19:24:17
VANECO,5,2,3,,,,2026-05-25 19:24:17
VOCO,33,3,11,7,2,4,2026-05-25 19:24:17
Widlarz (Premium Business Services),2,1,2,,,,2026-05-25 19:24:17
Wiedent,15,4,4,39,8,5,2026-05-25 19:24:17
"ZEALIKE TECH CO., LIMITED",38,1,38,,,,2026-05-25 19:24:17
Zhermack,,,,8,1,8,2026-05-25 19:24:17