DOSTAWCY,LOKALIZACJA,ODBIÓR,SPOSÓB,MAILE / STRONY,DODATKOWE,ZAPAS,INTERWAL,STATYSTYKI
3D Jake (niceshops),ZAGRANICA,BRAK,PRZEZ INTERNET,https://www.3djake.pl/,login: aleksandra.stupczynska@mikran.com · hasło: Mikran.pl,4 MIESIĄCE,2 MIESIĄCE,ŁĄCZNIE
Activeshop,POLSKA,BRAK,PRZEZ INTERNET,https://b2b.activeshop.com. pl/customerb2b/account/login/ login: aleksandra.stupczynska@mikran.com,hasło: Mikran.pl2025,1 MIESIĄC,3,ŁĄCZNIE
Adammed,POLSKA,BRAK,MAILOWO,sklep@adammed.pl,,2 MIESIĄCE,7,ŁĄCZNIE
Airpress Polska,POLSKA,BRAK,MAILOWO,bok@airpress.pl,Kompresory,W RAZIE POTRZEBY,,ŁĄCZNIE
Al Dente,ZAGRANICA,ZLECAMY ODBIÓR,MAILOWO,Kristina.Huelsebus@aldente.de,,3 MIESIĄCE,6,ŁĄCZNIE
AllDentPharm,POLSKA,BRAK,MAILOWO,info@alldentpharm.pl,,W RAZIE POTRZEBY,,ŁĄCZNIE
Altermedia,POLSKA,BRAK,MAILOWO,biuro@altermedia.com.pl,Dental Navi,W RAZIE POTRZEBY,,ŁĄCZNIE
Amadar,POLSKA,BRAK,MAILOWO,k.lesinska@amadar.pl,,1 MIESIĄC,3,ŁĄCZNIE
Ambident,POLSKA,BRAK,MAILOWO,ambident@ambident.eu,,2 MIESIĄCE,6,ŁĄCZNIE
AMD Dentech,POLSKA,BRAK,MAILOWO,biuro@amddentech.com.pl,tel: 504 069 090,1 MIESIĄC,3,ŁĄCZNIE
Anycubic,IMPORT,ZLECAMY ODBIÓR,MAILOWO,vivian.chen@anycubic.com,,PÓŁ ROKU,4 MIESIĄCE,ŁĄCZNIE
AP Dental (Arkona),POLSKA,BRAK,MAILOWO,hurt@apdental.pl,,2 MIESIĄCE,6,ŁĄCZNIE
Apoldent,POLSKA,BRAK,MAILOWO,W RAZIE POTRZEBY,ARS Dental (Nite White) · POLSKA · BRAK · TELEFONICZNIE · 22 617 81 05,2 MIESIĄCE,6,ŁĄCZNIE
ART - DENTAL,POLSKA,BRAK,MAILOWO,biuro@art-dental.pl,Maseczki,W RAZIE POTRZEBY,,ŁĄCZNIE
ARTSTOM,POLSKA,BRAK,MAILOWO,am@artstom.com.pl,Aplikatory,3 MIESIĄCE,6,ŁĄCZNIE
ASA Dental,ZAGRANICA,BRAK,MAILOWO,olga.s.solovyeva@gmail.com,betty@asadental.it,3 MIESIĄCE,2 MIESIĄCE,ŁĄCZNIE
Assosciated Dental Products (OEM),IMPORT,BRAK,MAILOWO,Steph@kemdent.co.uk,Steph Martin,ROK,PÓŁ ROKU,ŁĄCZNIE
Aswad Insrtuments,IMPORT,ZLECAMY ODBIÓR,MAILOWO,aswadinstruments894@gmail.com,Naseer Ahmed - EXCEL,ROK,4 MIESIĄCE,ŁĄCZNIE
Auto-Vector,POLSKA,BRAK,TELEFONICZNIE,661 309 930,,2 MIESIĄCE,7,ŁĄCZNIE
Ballito Łodź,POLSKA,BRAK,MAILOWO,ballito@lodz.cc,tel. 603790808,2 MIESIĄCE,7,ŁĄCZNIE
Bart Medical,ZAGRANICA,BRAK,MAILOWO,sales@bartmedical.com,Pasquale Matera,3 MIESIĄCE,2 MIESIĄCE,ŁĄCZNIE
Bausch,ZAGRANICA,BRAK,MAILOWO,order@bauschdental.de,,3 MIESIĄCE,2 MIESIĄCE,ŁĄCZNIE
BIALL,POLSKA,BRAK,MAILOWO,sebastian.cieslak@biall.com.pl,Lampy L42,W RAZIE POTRZEBY,,ŁĄCZNIE
BioSpace (pipety/szmaciaki),POLSKA,BRAK,PRZEZ INTERNET,https://sklep.bio-space.pl/,,2 MIESIĄCE,6,ŁĄCZNIE
Bredent,POLSKA,KIEROWCA MIKRAN,TELEFONICZNIE,61 874 02 39,,W RAZIE POTRZEBY,61 874 02 39,ŁĄCZNIE
Carlo de Giorgi,ZAGRANICA,ZLECAMY ODBIÓR,MAILOWO,erica.dipinto@degiorgi.it,,3 MIESIĄCE,2 MIESIĄCE,ŁĄCZNIE
Ceramiques Refractaires,ZAGRANICA,BRAK,MAILOWO,adv@ceramiques-refractaires.com,zapytania: technique@ceramiques-refractaires. · com,3 MIESIĄCE,2 MIESIĄCE,ŁĄCZNIE
Cerkall,POLSKA,BRAK,MAILOWO,cerkall@cerkall.pl,,2 MIESIĄCE,6,ŁĄCZNIE
Cerkamed,POLSKA,BRAK,MAILOWO,pawel.stanczyk@cerkamed.pl,,2 MIESIĄCE,6,ŁĄCZNIE
CEZAL / KROMOPAN,POLSKA,BRAK,MAILOWO,tom@cezal.com.pl,,2 MIESIĄCE,2 MIESIĄCE,ŁĄCZNIE
CHEMA,POLSKA,BRAK,MAILOWO,zbyt@chema.rzeszow.pl,,6,3,ŁĄCZNIE
Chemi Pharm (SRLdental)GILVESTY,ZAGRANICA,ZLECAMY ODBIÓR,MAILOWO,Inge.Hahn@srl-materials.com,Marek Budny: chemipharm@post.pl,PÓŁ ROKU,3 MIESIĄCE,ŁĄCZNIE
Chifa,POLSKA,BRAK,MAILOWO,magdalena.rozwod@bbraun.com,,2 MIESIĄCE,6,ŁĄCZNIE
Chirmed,POLSKA,BRAK,MAILOWO,s.pluta@chirmed.pl,DW · : info@chirmed.pl,10,2 MIESIĄCE,ŁĄCZNIE
Complete Dental (Deflex),ZAGRANICA,ZLECAMY ODBIÓR,MAILOWO,gracias@completedental.cz,Tomas Gracias,W RAZIE POTRZEBY,,ŁĄCZNIE
Deflex,IMPORT,ZLECAMY ODBIÓR,MAILOWO,,,,,ŁĄCZNIE
Deguvest (Lukadent),ZAGRANICA,ZLECAMY ODBIÓR,MAILOWO,p.preuss@lukadent.de,sales@lukadent.de,ROK,PÓŁ ROKU,ŁĄCZNIE
Denon Dental,POLSKA,BRAK,MAILOWO,monika.sledziecka@dental.pl,Tel. 0 22 717 58 82,1 MIESIĄC,2,ŁĄCZNIE
Dental Drill,POLSKA,BRAK,MAILOWO,W RAZIE POTRZEBY,,,,ŁĄCZNIE
Dental Flex Italia,ZAGRANICA,BRAK,MAILOWO,gianfranco@dentalflexitalia.eu,Zamawia Szymon,3 MIESIĄCE,6,ŁĄCZNIE
Dentalstore/At-Akcept,POLSKA,BRAK,MAILOWO,adrian@dentalstore.pl,,1 MIESIĄC,3,ŁĄCZNIE
Dentarina UAB (separatory bez trzymadełka),ZAGRANICA,BRAK,MAILOWO,dentarina2012@gmail.com,,ROK,PÓŁ ROKU,ŁĄCZNIE
Dentart (*),POLSKA,BRAK,MAILOWO,dentartkonin@wp.pl,DW: · dentart@wp.pl · na zamówienie,W RAZIE POTRZEBY,,ŁĄCZNIE
Dentex,POLSKA,BRAK,MAILOWO,sklep@dentex.com.pl,Zamawia Natalia,W RAZIE POTRZEBY,,ŁĄCZNIE
Dentsply Sirona (dawny Zhermack),ZAGRANICA,BRAK,MAILOWO,plorders@dentsplysirona.com nowy opiekun: marta.jakubowska@dentsplysirona. com FORMULARZ W EXCEL,,2 MIESIĄCE,1 MIESIĄC,ŁĄCZNIE
DETAX,ZAGRANICA,BRAK,MAILOWO,order@detax.com,NOWY MAIL: order@detax.comSTARY MAIL: · apollonia.goodloe@detax.de,3 MIESIĄCE,1 MIESIĄC,ŁĄCZNIE
DFS,ZAGRANICA,BRAK,MAILOWO,Sinisa.Krizman@dfs-diamon.de,buero@dfs-diamon.de,3 MIESIĄCE,5,ŁĄCZNIE
Dokuz Kimuya,IMPORT,BRAK,MAILOWO,hilal.kaya@dokuzkimya.com.tr,,ROK,PÓŁ ROKU,ŁĄCZNIE
Domedic Dental KaVo,POLSKA,BRAK,MAILOWO,biuro@domedicdental.pl,,2 MIESIĄCE,6,ŁĄCZNIE
Dongguan Godsaid Technology,IMPORT,MAILOWO,MAILOWO,sales@godsaid3d.com,żywice Resione,ROK,PÓŁ ROKU,ŁĄCZNIE
Dornwell,POLSKA,BRAK,MAILOWO,info@dornwell.pl,Pani Aneta tel. 509 951 446,2 MIESIĄCE,6,ŁĄCZNIE
DREVE,ZAGRANICA,BRAK,MAILOWO,susanne.justitz@dreve.de,Susanne Justitz,2 MIESIĄCE,1 MIESIĄC,OSOBNO
DREVE ECOSIL 22,ZAGRANICA,ZLECAMY ODBIÓR,MAILOWO,susanne.justitz@dreve.de,Susanne Justitz,1 MIESIĄC,1 MIESIĄC,ŁĄCZNIE
Dreve Otoplastik,ZAGRANICA,BRAK,MAILOWO,Philipp.Meier@dreve.de,,W RAZIE POTRZEBY,,ŁĄCZNIE
Drillstom,POLSKA,BRAK,MAILOWO,info@drillstom.pl,,2 MIESIĄCE,6,ŁĄCZNIE
Drux,POLSKA,BRAK,MAILOWO,biuro@drux.zgora.pl,tel. kom. 512 009 449,2 MIESIĄCE,6,ŁĄCZNIE
DT Shop,POLSKA,BRAK,MAILOWO,maciej.imbierowicz@dt-shop.com,,2 MIESIĄCE,6,ŁĄCZNIE
Edenta,ZAGRANICA,BRAK,MAILOWO,Iryna.Wetzel@edenta.ch,,3 MIESIĄCE,2 MIESIĄCE,ŁĄCZNIE
Effegi Brega,ZAGRANICA,ZLECAMY ODBIÓR,MAILOWO,export@effegibrega.it,,2 MIESIĄCE,1 MIESIĄC,ŁĄCZNIE
EmerItalia,ZAGRANICA,BRAK,MAILOWO,produzione@emeritalia.it,,W RAZIE POTRZEBY,,ŁĄCZNIE
Emichem/Salvemedical,POLSKA,BRAK,MAILOWO,biuro@emichem.pl,Andrzej Matusiak,2 MIESIĄCE,6,ŁĄCZNIE
Equimed (palniki Bunsena),POLSKA,BRAK,MAILOWO,wroclaw@equimed.com.pl,tel: 71 337 00 41,2 MIESIĄCE,5,ŁĄCZNIE
Ernst Hinrichs ( eco gipsy),ZAGRANICA,ZLECAMY ODBIÓR,MAILOWO,kristina.Huelsebus@hinrichs-dental.de,,3 MIESIĄCE,6,ŁĄCZNIE
Ernst Hinrichs (materiały),ZAGRANICA,ZLECAMY ODBIÓR,MAILOWO,kristina.Huelsebus@hinrichs-dental.de,,2 MIESIĄCE,1 MIESIĄC,ŁĄCZNIE
Eschenbach,POLSKA,BRAK,MAILOWO,Edyta.Rucinska@eschenbach-optik.com,,1 MIESIĄC,1 MIESIĄC,ŁĄCZNIE
EVE,ZAGRANICA,BRAK,MAILOWO,orders@eve-rotary.com,,2 MIESIĄCE,1 MIESIĄC,ŁĄCZNIE
Everall7,POLSKA,BRAK,PRZEZ INTERNET,https://pzi.everall7.pl,login: 720Mikran hasło: )xr$|^TA,1 MIESIĄC,2,ŁĄCZNIE
Fachowiec,POLSKA,KIEROWCA MIKRAN,TELEFONICZNIE,61-66-18-151,,2 MIESIĄCE,7,ŁĄCZNIE
Falcon,POLSKA,BRAK,MAILOWO,hurt@falconmedical.pl,Paweł Kamiński,2 MIESIĄCE,1 MIESIĄC,ŁĄCZNIE
Formed (kamienie),POLSKA,BRAK,MAILOWO,formed.biuro@gmail.com,,1 MIESIĄC,3,ŁĄCZNIE
Formlabs,ZAGRANICA,BRAK,PRZEZ INTERNET,https://wholesale.formlabs.com/pl_en,login:aleksandra.stupczynska@mikran.com H: · Mikran.pl2025,2 MIESIĄCE,1 MIESIĄC,ŁĄCZNIE
FUTURE TECHNOLOGY AND DEVELOPMENT,POLSKA,BRAK,MAILOWO,h.shahbazyan@crave3d.pl,Żywice Craftsman,W RAZIE POTRZEBY,,ŁĄCZNIE
Galicja/Meditrans (Fujirock),POLSKA,ZLECAMY ODBIÓR,MAILOWO,stomatologia@servident.pl,DW · : biuro@servident.pl,3 MIESIĄCE,6,ŁĄCZNIE
Gaz do palników,POLSKA,BRAK,MAILOWO,PRZEZ INTERNET https://allegro.pl/oferta/12x-gaz-elico- 300ml-do-napelniania-zapalniczek- zapalarki-palnika-9658067538,allegro,3 MIESIĄCE,2 MIESIĄCE,ŁĄCZNIE
Giedrius Juzenas (Erkodent / Komet),ZAGRANICA,ZLECAMY ODBIÓR,MAILOWO,giedrius@mpdental.lt,Giedrius Juzėnas,4 MIESIĄCE,2 MIESIĄCE,ŁĄCZNIE
Graphenano Dental,ZAGRANICA,BRAK,MAILOWO,virginiaoctavio@graphenanodental.com,,3 MIESIĄCE,1 MIESIĄC,ŁĄCZNIE
Hager Polonia,POLSKA,BRAK,MAILOWO,biuro@hager.com.pl,,W RAZIE POTRZEBY,,ŁĄCZNIE
Hansen Dental / SPOFA Dental,POLSKA,BRAK,MAILOWO,hansen.dental.polen@gmail.com,Roksana 501 148 599,6,3,ŁĄCZNIE
HASS,IMPORT,BRAK,MAILOWO,ewkang@hassbio.com,,ewkang@hassbio.com,Anna Kang,ŁĄCZNIE
Hoffmann's,ZAGRANICA,ZLECAMY ODBIÓR,MAILOWO,baer@hoffmann-dental.com,Claudia Bär,4 MIESIĄCE,3 MIESIĄCE,ŁĄCZNIE
Hol-Dental Depot,POLSKA,BRAK,MAILOWO,holdental@holdental.pl,,2 MIESIĄCE,5,ŁĄCZNIE
Holtrade / ACETAL,POLSKA,BRAK,MAILOWO,tomek@holtrade.home.pl,,1 MIESIĄC,3,ŁĄCZNIE
Holtrade / Rhein,POLSKA,BRAK,MAILOWO,tomek@holtrade.home.pl,Rhein - najpierw ROKO - jak nie mają to Holtrade,W RAZIE POTRZEBY,,ŁĄCZNIE
Honkong Elegoo,IMPORT,ZLECAMY ODBIÓR,MAILOWO,milly@elegoo.com,DW: kerris@elegoo.com,ROK,4 MIESIĄCE,ŁĄCZNIE
HPdent,ZAGRANICA,BRAK,MAILOWO,kontakt@hp-dent.com,,4 MIESIĄCE,2 MIESIĄCE,ŁĄCZNIE
IKEA,POLSKA,BRAK,PRZEZ INTERNET,ikea.com,login: pawel.nowak@mikran.com · hasło: Mikran123,W RAZIE POTRZEBY,,ŁĄCZNIE
Infoman,POLSKA,BRAK,MAILOWO,slawek@infoman.pl,"zamawiają: KW, DD, SR",W RAZIE POTRZEBY,,ŁĄCZNIE
INLAY / MERZ DENTAL,POLSKA,BRAK,MAILOWO,pawel@inlay.pl,tel. 662 909 205,1 MIESIĄC,3,ŁĄCZNIE
INNPRO (żywice Anycubic),POLSKA,BRAK,PRZEZ INTERNET,https://b2b.innpro.pl/signin.php,login: aleksandra.stupczynska@mikran.com · hasło: #gfiY7ayCBQ#h@L,W RAZIE POTRZEBY,,ŁĄCZNIE
INWESTOR GROUP (3DUV),POLSKA,BRAK,MAILOWO,handel@3duv.pl,,W RAZIE POTRZEBY,,ŁĄCZNIE
IP Division,ZAGRANICA,ZLECAMY ODBIÓR,MAILOWO,info@ipdent.de,Brigitte De Leo,4 MIESIĄCE,10,ŁĄCZNIE
IP Division ECO,ZAGRANICA,ZLECAMY ODBIÓR,MAILOWO,info@ipdent.de,Brigitte De Leo,PÓŁ ROKU,2 MIESIĄCE,ŁĄCZNIE
IPD POLAND,POLSKA,BRAK,MAILOWO,tmekich@ipd2004.pl,zamowienia@ipd2004.pl,1 MIESIĄC,3,ŁĄCZNIE
ITW Novadan,POLSKA,BRAK,TELEFONICZNIE,22 751 00 16,office2@novadan.pl,1 MIESIĄC,1 MIESIĄC,ŁĄCZNIE
Ivoclar Vivadent - EXCEL,ZAGRANICA,BRAK,MAILOWO,MBLIOrdersPL@ivoclar.com,"DW · : Natalia.Marcinkowska@ivoclar.com, Anna. · Demucha@ivoclar.com",6,1,ŁĄCZNIE
JK Surgical,POLSKA,KIEROWCA MIKRAN,MAILOWO,biuro@jksurgical.pl,,2 MIESIĄCE,6,ŁĄCZNIE
Kemdent,ZAGRANICA,BRAK,MAILOWO,sales@kemdent.ie,Monica O'Brien,5 MIESIĘCY,2 MIESIĄCE,ŁĄCZNIE
Keystone,ZAGRANICA,ZLECAMY ODBIÓR,MAILOWO,GRusso@keystoneind.com,Grazia Russo,5 MIESIĘCY,4 MIESIĄCE,ŁĄCZNIE
KKD-Top dent,ZAGRANICA,BRAK,MAILOWO,cornelia.schiefeneder@kkd-topdent.de,,2 MIESIĄCE,5,ŁĄCZNIE
Kol-Dental,POLSKA,BRAK,MAILOWO,marzena.raniecka@koldental.com.pl,ZAWSZE MUSIMY POTWIERDZIĆ ZAMÓWIENIE,1 MIESIĄC,2,ŁĄCZNIE
KOMAN,POLSKA,KIEROWCA MIKRAN,MAILOWO,koman@koman.pl,na zamówienie,W RAZIE POTRZEBY,,ŁĄCZNIE
Konopka,POLSKA,ZLECAMY ODBIÓR,PRZEZ INTERNET,https://konopka3.com/,biuro@konopka3.com,2 MIESIĄCE,1 MIESIĄC,ŁĄCZNIE
KOS,POLSKA,BRAK,MAILOWO,kos@korund.pl,tel: (63) 272 02 19,6,1 MIESIĄC,ŁĄCZNIE
Larident,ZAGRANICA,BRAK,MAILOWO,Caroline@larident.it,Marco Rolleri: rolleri@larident.it/ inquiry: · assistenza@larident.it,4 MIESIĄCE,11,ŁĄCZNIE
Lascod,ZAGRANICA,ZLECAMY ODBIÓR,MAILOWO,matteo@lascod.it,,3 MIESIĄCE,2 MIESIĄCE,ŁĄCZNIE
LEMI,POLSKA,BRAK,PRZEZ INTERNET,https://markery.pl/,login: aleksandra.stupczynska@mikran.com hasło: · Mikran.pl · tel. · 512 617 000,4 MIESIĄCE,13,ŁĄCZNIE
Lewa Dental,ZAGRANICA,BRAK,MAILOWO,info@lewa-dental.de,Monica Lohmiller,2 MIESIĄCE,5,ŁĄCZNIE
Luxdent,POLSKA,BRAK,MAILOWO,zamowienia@luxdent.pl,,W RAZIE POTRZEBY,,ŁĄCZNIE
Major,POLSKA,BRAK,MAILOWO,biuro@majorpl.pl,,biuro@majorpl.pl,Zamawia Natalia,ŁĄCZNIE
Makromed,POLSKA,BRAK,MAILOWO,rafal@makromed.com.pl,zamowienia@makromed.com.pl,1 MIESIĄC,3,ŁĄCZNIE
Mälzer Dental,ZAGRANICA,BRAK,MAILOWO,dkalisz@maelzer-dental.de,Damian Kalisz,4 MIESIĄCE,2 MIESIĄCE,ŁĄCZNIE
Marrodent,POLSKA,BRAK,MAILOWO,renata.konewecka@marrodent.pl,marek.fajkis@marrodent.pl · KSEF: ksef@marrodent.pl,W RAZIE POTRZEBY,,ŁĄCZNIE
MB DentinaLT (Shera),ZAGRANICA,ZLECAMY ODBIÓR,MAILOWO,info@dentina.lt,Marijus Koržinskas,ROK,PÓŁ ROKU,ŁĄCZNIE
Medilab,POLSKA,BRAK,MAILOWO,handlowy@medilab.pl,,2 MIESIĄCE,6,ŁĄCZNIE
Medin,ZAGRANICA,BRAK,MAILOWO,Iveta.PaulickovaSorfova@medin.cz,Paulíčková Šorfová Iveta,3 MIESIĄCE,2 MIESIĄCE,ŁĄCZNIE
Meditrans,POLSKA,BRAK,MAILOWO,hurt@meditrans.pl,w razie potrzeby,W RAZIE POTRZEBY,,ŁĄCZNIE
Megadenta,POLSKA,BRAK,TELEFONICZNIE,(89) 62 18 777,,3 MIESIĄCE,1 MIESIĄC,ŁĄCZNIE
Mercator Medical,POLSKA,BRAK,MAILOWO,Agnieszka.Kaminska@pl. mercatormedical.eu https://emercator.com/ login: aleksandra.stupczynska@mikran.com hasło: Z4ngjSY!Pmvc7bQ,,2 MIESIĄCE,6,ŁĄCZNIE
Mesa,ZAGRANICA,BRAK,MAILOWO,east-europe@mesaitalia.it,DW: info@mesaitalia.it,2 MIESIĄCE,1 MIESIĄC,ŁĄCZNIE
Mestra,ZAGRANICA,ZLECAMY ODBIÓR,MAILOWO,administracion@mestra.es,Teresa Navas,2 MIESIĄCE,1 MIESIĄC,ŁĄCZNIE
MGM System,POLSKA,BRAK,MAILOWO,biuro@elitedent.pl,zęby EnigmaLife+,W RAZIE POTRZEBY,,ŁĄCZNIE
Model Tray,ZAGRANICA,BRAK,MAILOWO,info@model-tray.de,DOSTOSOWAĆ SYMBOLE WEDŁUG KATALOGU,PÓŁ ROKU,3 MIESIĄCE,ŁĄCZNIE
MOTYL-Pro (frezy),POLSKA,BRAK,MAILOWO,info@motylpro.pl,,1 MIESIĄC,2,ŁĄCZNIE
MOTYL-Pro (separatory),POLSKA,BRAK,MAILOWO,info@motylpro.pl,UAB Dentarina: dentarina2012@gmail.com (Ildar · Shamgunov),W RAZIE POTRZEBY,,ŁĄCZNIE
MOTYL-Pro (tarcze),POLSKA,BRAK,MAILOWO,info@motylpro.pl,,1 MIESIĄC,3,ŁĄCZNIE
MOTYL-Pro (trzymadełka),POLSKA,BRAK,MAILOWO,info@motylpro.pl,,1 MIESIĄC,3,ŁĄCZNIE
Natrodent,POLSKA,BRAK,MAILOWO,marzena.szczepaniak@natrodent.pl,kamila.siuta@natrodent.pl,1 MIESIĄC,3,ŁĄCZNIE
Neopak,POLSKA,BRAK,PRZEZ INTERNET,4 MIESIĄCE,,4 MIESIĄCE,2 MIESIĄCE,ŁĄCZNIE
Nyte3D,ZAGRANICA,BRAK,MAILOWO,info@nyte3d.de,,4 MIESIĄCE,2 MIESIĄCE,ŁĄCZNIE
OMEC,ZAGRANICA,BRAK,MAILOWO,export@omec-snc.com,Angela Panzeri,2 MIESIĄCE,6,ŁĄCZNIE
Ortho-Expert,POLSKA,BRAK,MAILOWO,sylwia@orthoexpert.pl,,2 MIESIĄCE,6,ŁĄCZNIE
Orto-Fan,POLSKA,BRAK,MAILOWO,g.zakrzewski@ortofan.pl,,W RAZIE POTRZEBY,,ŁĄCZNIE
PCB Service (Helling 3D),POLSKA,BRAK,MAILOWO,zamowienia@pcb.com.pl,oferty@pcb.com.pl,2 MIESIĄCE,6,ŁĄCZNIE
POL-INTECH,POLSKA,BRAK,PRZEZ INTERNET,https://polydent.pl/,login: katarzyna.mateja@mikran.com / hasło: · km1234,2 MIESIĄCE,5,ŁĄCZNIE
Polirapid,ZAGRANICA,BRAK,MAILOWO,poli@polirapid.de,,2 MIESIĄCE,1 MIESIĄC,ŁĄCZNIE
Polkard,POLSKA,BRAK,MAILOWO,amarzoch@polkard.pl,tel. · 663838012,1 MIESIĄC,1,OSOBNO
Polkard BIS,POLSKA,BRAK,MAILOWO,handel@polkardbis.pl,Zbigniew Borkowski,1 MIESIĄC,3,ŁĄCZNIE
Polorto (Bond-A-Braid),POLSKA,BRAK,MAILOWO,lukasz.myslikowski@polorto.com.pl,,3 MIESIĄCE,2 MIESIĄCE,ŁĄCZNIE
Primotec,ZAGRANICA,BRAK,MAILOWO,baumbach@primogroup.de,primotec@primogroup.de,3 MIESIĄCE,2 MIESIĄCE,ŁĄCZNIE
Prodento-Optimed,POLSKA,BRAK,MAILOWO,info@prodento.com.pl,Ryszard Nowicki · tel: · 602344121,1 MIESIĄC,1 MIESIĄC,ŁĄCZNIE
Profeta,IMPORT,ZLECAMY ODBIÓR,MAILOWO,zhouxin@profeta.cn,,zhouxin@profeta.cn,kevinsha@jincheng.work,ŁĄCZNIE
Protechno,ZAGRANICA,ZLECAMY ODBIÓR,MAILOWO,maria@protechno.com,Maria Soms,3 MIESIĄCE,2 MIESIĄCE,ŁĄCZNIE
Rayshape,ZAGRANICA,MAILOWO,2 MIESIĄCE,4,,,,ŁĄCZNIE
Realloy,ZAGRANICA,ZLECAMY ODBIÓR,MAILOWO,schneider@realloy.net,soehnigen@realloy.net / s.baysan@realloy.net,3 MIESIĄCE,6,ŁĄCZNIE
Reitel,ZAGRANICA,BRAK,MAILOWO,info@reitel.com,Christian Rösch: christian.roesch@reitel.com,3 MIESIĄCE,2 MIESIĄCE,ŁĄCZNIE
Renfert - EXCEL,ZAGRANICA,BRAK,MAILOWO,Miriam.Huber@renfert.de,Max - max.baitinger@renfert.de - szczegółowe pytania,2 MIESIĄCE,1 MIESIĄC,OSOBNO
Rhein83,ZAGRANICA,BRAK,MAILOWO,4 MIESIĄCE,6 · Rusneja (Bredent) · ZAGRANICA · BRAK · MAILOWO · mbrusneja@gmail.com,4 MIESIĄCE,2 MIESIĄCE,ŁĄCZNIE
ROKO,POLSKA,BRAK,MAILOWO,d.rys@rokodent.com,,W RAZIE POTRZEBY,,ŁĄCZNIE
ROKO Rhein,POLSKA,BRAK,PRZEZ INTERNET,https://www.sklep.rokodent.com/,login: aleksandra.stupczynska@mikran.com / · hasło: Mikran.pl,W RAZIE POTRZEBY,,ŁĄCZNIE
RS-Team,POLSKA,BRAK,MAILOWO,z@rs-team.pl,DW: · g.romek@rs-team.pl,1 MIESIĄC,3,ŁĄCZNIE
Saeshin,IMPORT,ZLECAMY ODBIÓR,MAILOWO,strong@saeshin.com,,,,ŁĄCZNIE
Scheftner,ZAGRANICA,BRAK,MAILOWO,c.jossek@scheftner.dental &,service@scheftner.dental,PÓŁ ROKU,4 MIESIĄCE,ŁĄCZNIE
Schuler Dental,ZAGRANICA,BRAK,MAILOWO,export@schuler-dental.com,,2 MIESIĄCE,6,ŁĄCZNIE
Schutz Dental,ZAGRANICA,ZLECAMY ODBIÓR,MAILOWO,O.Anghel@schuetz-dental.de,Zlecamy odbiór paczki (+25 kg Naxco),4 MIESIĄCE,2 MIESIĄCE,ŁĄCZNIE
Shenzen Upcera,IMPORT,BRAK,MAILOWO,leo@upcera.com,,leo@upcera.com,Leo Qiu,ŁĄCZNIE
Silconic (Dent-e-con),ZAGRANICA,BRAK,MAILOWO,auftragsannahme@silconic.de,wsparcie Daniela Fischer: daniela. · fischer@silconic.de,2 MIESIĄCE,5,ŁĄCZNIE
Silesia Dental,POLSKA,BRAK,MAILOWO,a.grzegorczyk@silesiadental.pl,tel: · 71 317-51-53,2 MIESIĄCE,6,ŁĄCZNIE
SIRIO,ZAGRANICA,ZLECAMY ODBIÓR,MAILOWO,sirio@siriodental.com,Monica Vignoli,3 MIESIĄCE,2 MIESIĄCE,ŁĄCZNIE
SOJO (*),POLSKA,BRAK,MAILOWO,sojook@poczta.onet.pl,Stefan Jankowski / na zamówienie,W RAZIE POTRZEBY,,ŁĄCZNIE
Song Young,IMPORT,ZLECAMY ODBIÓR,MAILOWO,office@songyoung.com.tw,Yasmin,ROK,20,ŁĄCZNIE
Sorriso (PMMA ML),POLSKA,BRAK,MAILOWO,sorriso.kozlowski@gmail.com,,2 MIESIĄCE,3,ŁĄCZNIE
SPAW (kompresory),POLSKA,ZLECAMY ODBIÓR,MAILOWO,sklep@swiatnarzedzi.com,,W RAZIE POTRZEBY,,ŁĄCZNIE
Swiatowy (korektory),POLSKA,BRAK,TELEFONICZNIE,71 339 97 31,najmniejsza ilość korektorów do zamówienia to,W RAZIE POTRZEBY,100szt.,ŁĄCZNIE
Syntegre,POLSKA,BRAK,MAILOWO,przemyslaw.grabowski@syntegre.com,,3 MIESIĄCE,2 MIESIĄCE,ŁĄCZNIE
Śniadeckich,POLSKA,BRAK,TELEFONICZNIE,56 664 40 75,,2 MIESIĄCE,2 MIESIĄCE,ŁĄCZNIE
Tamipol/Asti (worki strunowe),POLSKA,BRAK,MAILOWO,biuro@asti.info.pl,Tamipol: tel: 61 861 90 21,2 MIESIĄCE,7,ŁĄCZNIE
TECHIM,ZAGRANICA,ZLECAMY ODBIÓR,MAILOWO,michela.ambrogio@techimgroup.com,,PÓŁ ROKU,2 MIESIĄCE,ŁĄCZNIE
Technet,POLSKA,BRAK,MAILOWO,t.bujanski@technetsa.pl,Tomasz Bujański,2 MIESIĄCE,7,ŁĄCZNIE
Techniflex (tarcze do EWA),POLSKA,BRAK,MAILOWO,sprzedaz.mszana@techniflex.pl,,ROK,PÓŁ ROKU,ŁĄCZNIE
Ugin,ZAGRANICA,ZLECAMY ODBIÓR,MAILOWO,johanna.millescamps@ugin-dentaire.fr,christelle.aronica@ugin-dentaire.fr · DW Stefano.BIONDI@ugin-dentaire.fr,3 MIESIĄCE,2 MIESIĄCE,ŁĄCZNIE
Up3D,IMPORT,BRAK,MAILOWO,cathy@up3dtech.com,Cathy Lee,PÓŁ ROKU,3 MIESIĄCE,ŁĄCZNIE
VANECO,POLSKA,BRAK,MAILOWO,info@vaneco.pl,,4 MIESIĄCE,3 MIESIĄCE,ŁĄCZNIE
Verdent (frezy mikran.pl),POLSKA,BRAK,MAILOWO,mariusz.wagner@verdent.pl,,PÓŁ ROKU,2 MIESIĄCE,ŁĄCZNIE
VIPERA,POLSKA,BRAK,MAILOWO,zamówienia@vipera.com.pl,,anna.gadulska@vipera.com.pl,ZLECA SZYMON,ŁĄCZNIE
VOCO,ZAGRANICA,BRAK,MAILOWO,d.miskiewicz@voco.com,Stefan Goedecke - s.goedecke@voco.de,2 MIESIĄCE,1 MIESIĄC,ŁĄCZNIE
W&H,POLSKA,BRAK,MAILOWO,WEBER & WEBER (serwety stom.),POLSKA · BRAK · PRZEZ INTERNET · https://shop.webermed.com.pl · wioletta.warzocha@webermed.com,2 MIESIĄCE,5,ŁĄCZNIE
Widlarz (Premium Business Services),POLSKA,BRAK,MAILOWO,patryk.widlarz@proddent.pl,Patryk Widlarz · tel: · 501 684 571,2 MIESIĄCE,5,ŁĄCZNIE
Wiedent,POLSKA,BRAK,MAILOWO,office@wiedent.com.pl,poprosić o potwierdzenie przyjęcia zamówienia! · Przerobić plik pdf przez strone wiedentu!,1 MIESIĄC,2,ŁĄCZNIE
"ZEALIKE TECH CO., LIMITED",IMPORT,BRAK,MAILOWO,eric@yutedent.com,,ROK,PÓŁ ROKU,ŁĄCZNIE
ZIRKONZAHN POLSKA,POLSKA,BRAK,MAILOWO,sebastian.religa@zirkonzahn.com.pl,,,,ŁĄCZNIE
Żuchowski Dental,POLSKA,BRAK,TELEFONICZNIE,91 469 01 63,info@zuchowskidental.pl,3 MIESIĄCE,10,ŁĄCZNIE